Workbook
Name ross: ' JULY IL'!$C$21
Name sam: ' JULY IL'!$C$22

Sheet  JULY AZ
A1: 46234
A3: ARIZONA DIV00 | H3: NET
C4: SALES $ | D4: COGS | E4: M/U | F4: RTNS | G4: COLLECTIONS | H4: SALES | I4: RTN %
A5: ADAM R | B5: A550 | C5: =205+6932+1875+1600+3390+3007.5+5116+650+9485.5+709.5+545+1512.75+300+935.98+498+6020+2232.5+2232 -> 47246.73 | D5: =120+5010+975+625+2200+1704.5+2720+304+5237+379+306+859.5+159+527+270+3685+1175+1121.6 -> 27377.6 | E5: =C5/D5 -> 1.725744 | F5: 0 | G5: =812.44 -> 812.44 | H5: =+C5-F5-G5 -> 46434.29 | I5: =F5/C5 -> 0
A6: LEANDER H | B6: A605 | C6: 0 | D6: 0 | E6: =C6/D6 -> #DIV/0! | F6: 0 | G6: =0 -> 0 | H6: =+C6-F6-G6 -> 0 | I6: =F6/C6 -> #DIV/0!
A7: JACOB M | B7: A607 | C7: =180 -> 180 | D7: =100 -> 100 | E7: =C7/D7 -> 1.8 | F7: 0 | G7: =0 -> 0 | H7: =+C7-F7-G7 -> 180 | I7: =F7/C7 -> 0
A8: LARRY A | B8: A654 | C8: =9611.6+1696.6+548+3274.2+2613.85+665+944.19+1732+3920.1+1484 -> 26489.54 | D8: =4887+998+322+1814+1361+350+492.5+1135+2095+872 -> 14326.5 | E8: =C8/D8 -> 1.8489889 | F8: =1645.4 -> 1645.4 | G8: =0 -> 0 | H8: =+C8-F8-G8 -> 24844.14 | I8: =F8/C8 -> 0.062115084
A9: MARK F | B9: A701 | C9: =2499.5+1631.82+5249.75+1496.97+3144.96+5961.83+2859.9 -> 22844.73 | D9: =1412.5+822+3495+663+1758+3502.12+1680 -> 13332.62 | E9: =C9/D9 -> 1.7134464 | F9: 0 | G9: =0 -> 0 | H9: =+C9-F9-G9 -> 22844.73 | I9: =F9/C9 -> 0
A10: OLIN M | B10: A702 | C10: =931+6480+2268+328+540+2012.5+1298+3026+2952.5+709.5+545+7812.75+8800+1343+270+315+2232.5+1848 -> 43711.75 | D10: =417.6+4980+1512+166+300+1356.5+625+2104+1659+379+306+3289.5+5745+764+150+156.5+1175+924 -> 26009.1 | E10: =C10/D10 -> 1.6806329 | F10: =114 -> 114 | G10: =0 -> 0 | H10: =+C10-F10-G10 -> 43597.75 | I10: =F10/C10 -> 0.0026079944
A11: ALEX B | B11: A777 | C11: 0 | D11: 0 | E11: =C11/D11 -> #DIV/0! | F11: 0 | G11: =0 -> 0 | H11: =+C11-F11-G11 -> 0 | I11: =F11/C11 -> #DIV/0!
A12: AZ HOUSE | B12: A111 | C12: 0 | D12: 0 | E12: =C12/D12 -> #DIV/0! | F12: 0 | G12: =0 -> 0 | H12: =+C12-F12-G12 -> 0 | I12: =F12/C12 -> #DIV/0!
A13: TERM | C13: 0 | D13: 0 | E13: =C13/D13 -> #DIV/0! | F13: =330+360 -> 690 | G13: =3200.89 -> 3200.89 | H13: =+C13-F13-G13 -> -3890.89 | I13: =F13/C13 -> #DIV/0!
A14: AZ DIV 00 TOTAL | C14: =SUM(C5:C13) -> 140472.75 | D14: =SUM(D5:D13) -> 81145.82 | E14: =C14/D14 -> 1.731115 | F14: =SUM(F5:F13) -> 2449.4 | G14: =SUM(G5:G13) -> 4013.33 | H14: =+C14-F14-G14 -> 134010.02 | I14: =F14/C14 -> 0.017436834
A16: ARIZONA DIV22
A17: ADAM R | B17: A550 | C17: 0 | D17: 0 | E17: =C17/D17 -> #DIV/0! | F17: 0 | G17: 0 | H17: =+C17-F17-G17 -> 0 | I17: =F17/C17 -> #DIV/0!
A18: LARRY A | B18: A654 | C18: =2465+377 -> 2842 | D18: =1722.27+290 -> 2012.27 | E18: =C18/D18 -> 1.4123353 | F18: 0 | G18: 0 | H18: =+C18-F18-G18 -> 2842 | I18: =F18/C18 -> 0
A19: MARK F | B19: A701 | C19: =336.6+2051.94 -> 2388.54 | D19: =198+1206 -> 1404 | E19: =C19/D19 -> 1.7012393 | F19: 0 | G19: 0 | H19: =+C19-F19-G19 -> 2388.54 | I19: =F19/C19 -> 0
A20: OLIN M | B20: A702 | C20: =190 -> 190 | D20: =76 -> 76 | E20: =C20/D20 -> 2.5 | F20: 0 | G20: 0 | H20: =+C20-F20-G20 -> 190 | I20: =F20/C20 -> 0
A21: ALEX B | B21: A777 | C21: =12780.2+2245+1292.5+225+1341+38.75+450+2266.75+242.5+26509.5+3040+14898.5+170.85+320+348+381+322.59+847 -> 67719.14 | D21: =7507.3+1462.9+769.1+118.45+793.7+25.61+236.9+1654.05+142.5+15069.75+1638.1+8731.95+100.5+182+211.7+229.5+189.75+508.1 -> 39571.86 | E21: =C21/D21 -> 1.7112953 | F21: =465+242.5+321 -> 1028.5 | G21: 0 | H21: =+C21-F21-G21 -> 66690.64 | I21: =F21/C21 -> 0.01518773
A22: TERM | C22: 0 | D22: 0 | E22: =C22/D22 -> #DIV/0! | F22: 0 | G22: 0 | H22: =+C22-F22-G22 -> 0 | I22: =F22/C22 -> #DIV/0!
A23: AZ DIV 22 TOTAL | C23: =SUM(C17:C22) -> 73139.68 | D23: =SUM(D17:D22) -> 43064.13 | E23: =C23/D23 -> 1.6983898 | F23: =SUM(F17:F22) -> 1028.5 | G23: =SUM(G17:G22) -> 0 | H23: =+C23-F23-G23 -> 72111.18 | I23: =F23/C23 -> 0.014062134
A25: AZ DIV 33
A26: ADAM R | B26: A550 | C26: 0 | D26: 0 | E26: =C26/D26 -> #DIV/0! | F26: 0 | G26: 0 | H26: =+C26-F26-G26 -> 0 | I26: =F26/C26 -> #DIV/0!
A27: MARK F | B27: A701 | C27: 0 | D27: 0 | E27: =C27/D27 -> #DIV/0! | F27: 0 | G27: 0 | H27: =+C27-F27-G27 -> 0 | I27: =F27/C27 -> #DIV/0!
A28: OLIN M | B28: A702 | C28: =342+1080+342+972+312 -> 3048 | D28: =144+499.5+164.25+479.25+238.8 -> 1525.8 | E28: =C28/D28 -> 1.9976406 | F28: 0 | G28: 0 | H28: =+C28-F28-G28 -> 3048 | I28: =F28/C28 -> 0
A29: AZ DIV 33 TOTAL | C29: =SUM(C26:C28) -> 3048 | D29: =SUM(D26:D28) -> 1525.8 | E29: =C29/D29 -> 1.9976406 | F29: =SUM(F26:F28) -> 0 | G29: =SUM(G26:G28) -> 0 | H29: =SUM(H26:H28) -> 3048 | I29: 0
A31: TOTAL AZ | C31: =C29+C23+C14 -> 216660.43 | D31: =D29+D23+D14 -> 125735.75 | E31: =C31/D31 -> 1.723141 | F31: =F29+F23+F14 -> 3477.9 | G31: =G29+G23+G14 -> 4013.33 | H31: =+C31-F31-G31 -> 209169.2 | I31: =F31/C31 -> 0.016052308

Sheet  JULY IL
A1: =' JULY AZ'!A1 -> 46234
A3: ILLINOIS DIV00 | H3: NET
C4: SALES | D4: COGS | E4: M/U | F4: RTNS | G4: COLLECTIONS | H4: SALES | I4: RTN %
A5: HOUSE | B5: I001 | C5: =222+177.1+1580.55+2488.96+462.3+167.78+367.7+345+225.56 -> 6036.95 | D5: =27.5+148+161+1422.5+2240+416+151+306+55+345+203 -> 5475 | E5: =C5/D5 -> 1.1026393 | F5: 0 | G5: 0 | H5: =C5-F5-G5 -> 6036.95 | I5: =F5/C5 -> 0
A6: TOM C | B6: I033 | C6: =20947.09 -> 20947.09 | D6: =13959.4 -> 13959.4 | E6: =C6/D6 -> 1.5005724 | F6: 0 | G6: 0 | H6: =C6-F6-G6 -> 20947.09 | I6: =F6/C6 -> 0
A7: JASON M | B7: I069 | C7: =2617+2617+658+156.88 -> 6048.88 | D7: =2275+2275+506+96.29 -> 5152.29 | E7: =C7/D7 -> 1.1740178 | F7: 0 | G7: 0 | H7: =C7-F7-G7 -> 6048.88 | I7: =F7/C7 -> 0
A8: FRANK S | B8: I155 | C8: =882.5 -> 882.5 | D8: =562.5 -> 562.5 | E8: =C8/D8 -> 1.5688889 | F8: 0 | G8: 0 | H8: =C8-F8-G8 -> 882.5 | I8: =F8/C8 -> 0
A9: JORDAN M | B9: I272 | C9: =4184.3+439+960+2802+16142+1891.6+12187.5+3081.56+4343+293.8+692+7756.2+162.4+546+1914+1350 -> 58745.36 | D9: =2732.5+274+564+1473.18+10328.5+1159+7240+2058.8+2744.8+225.4+406+5192.5+124.8+345+1275+600 -> 36743.48 | E9: =C9/D9 -> 1.5987968 | F9: =1590 -> 1590 | G9: 0 | H9: =C9-F9-G9 -> 57155.36 | I9: =F9/C9 -> 0.027065967
A10: JIMMY M | B10: I281 | C10: =1024+4122+1034 -> 6180 | D10: =512+2608.86+608 -> 3728.86 | E10: =C10/D10 -> 1.657343 | F10: 0 | G10: 0 | H10: =C10-F10-G10 -> 6180 | I10: =F10/C10 -> 0
A11: CHRIS Z | B11: I393 | C11: =12264.4+4115+9414.42+7001.6+9313.5+13269.86+11698+811.5+8199.32+25027+5540+3846.9+939+10986.9+6901+1812.5+10248+1489+3872 -> 146749.9 | D11: =7753+2577.4+6494.94+4414.38+5634+9385.9+7378+552+4482.6+15136+3416+2433.5+518+7604.1+4695+1097+6628+867+2411 -> 93477.82 | E11: =C11/D11 -> 1.5698901 | F11: =699 -> 699 | G11: 0 | H11: =C11-F11-G11 -> 146050.9 | I11: =F11/C11 -> 0.004763206
A12: JEFF J | B12: I436 | C12: =3817.96+8093.4+4970.8+299.97+7411.5+493.99+3161.76+1854+2550+6830.98+437.5+4140.4+538+3100+43.75+1254+2872.9+7982.99+14062+2816 -> 76731.9 | D12: =2229+5571+2758.5+180+4699.5+262+2100.66+1086+1445+3648.5+261.5+2578.4+394+1871.5+13.5+862+1529.4+5189+8568.9+1335 -> 46583.36 | E12: =C12/D12 -> 1.6471955 | F12: =594 -> 594 | G12: 0 | H12: =C12-F12-G12 -> 76137.9 | I12: =F12/C12 -> 0.0077412393
A13: IAIR Z | B13: I462 | C13: =2613.9+2443+27536.7+9075+2613.9 -> 44282.5 | D13: =2010.6+1427+18922+5670+2010.6 -> 30040.2 | E13: =C13/D13 -> 1.474108 | F13: 0 | G13: 0 | H13: =C13-F13-G13 -> 44282.5 | I13: =F13/C13 -> 0
A14: RICO C | B14: I478 | C14: =378+1281.2+524 -> 2183.2 | D14: =210+793+304 -> 1307 | E14: =C14/D14 -> 1.6703902 | F14: 0 | G14: 0 | H14: =C14-F14-G14 -> 2183.2 | I14: =F14/C14 -> 0
A15: DAN M | B15: I501 | C15: =4792+900+8450+2970+9730+465+6800+4737+3587.1+5220+1376+7697+10281+5199+6975+4825+1700+630+798 -> 87132.1 | D15: =3044+558+5302.02+1850+6208+300+5225+2808+2221.9+3693+900+5113.5+7289+3844+4091.5+3168+1016+360+584 -> 57575.92 | E15: =C15/D15 -> 1.5133427 | F15: 0 | G15: 0 | H15: =C15-F15-G15 -> 87132.1 | I15: =F15/C15 -> 0
A16: CHRIS T | B16: I664 | C16: =145+1786.5+432+1304.8+1896+6016.9+2730+8244+750+3111.42+5300.4 -> 31717.02 | D16: =96.25+1374.19+300+950.43+1264+3647+1820+5496+447+2247.25+4026 -> 21668.12 | E16: =C16/D16 -> 1.4637643 | F16: 0 | G16: 0 | H16: =C16-F16-G16 -> 31717.02 | I16: =F16/C16 -> 0
A17: MARK S | B17: I729 | C17: 0 | D17: 0 | E17: =C17/D17 -> #DIV/0! | F17: 0 | G17: 0 | H17: =C17-F17-G17 -> 0 | I17: =F17/C17 -> #DIV/0!
A18: JAY M | B18: I769 | C18: 0 | D18: 0 | E18: =C18/D18 -> #DIV/0! | F18: 0 | G18: 0 | H18: =C18-F18-G18 -> 0 | I18: =F18/C18 -> #DIV/0!
A19: AL S | B19: I801 | C19: =154+719.4+2225+1069.8+179.85+587+509.8+360+971.3 -> 6776.15 | D19: =96+324+876+611+99+277+237+180+516.5 -> 3216.5 | E19: =C19/D19 -> 2.1066843 | F19: 0 | G19: 0 | H19: =C19-F19-G19 -> 6776.15 | I19: =F19/C19 -> 0
A20: SAMUEL J | B20: I815 | C20: =6399.5+1190+1062.5+635.94+851.98+392.5+768+2781.51+102+179.85+258+1509+467.94+150 -> 16748.72 | D20: =4220.5+658.5+625+360+500+232.32+483+1927.5+62+99+135+873+270+67.5 -> 10513.32 | E20: =C20/D20 -> 1.5930952 | F20: 0 | G20: =134.75+175.6+267.5 -> 577.85 | H20: =C20-F20-G20 -> 16170.87 | I20: =F20/C20 -> 0
A21: DAVID S | B21: I830 | C21: 0 | D21: 0 | E21: =C21/D21 -> #DIV/0! | F21: 0 | G21: 0 | H21: =C21-F21-G21 -> 0 | I21: =F21/C21 -> #DIV/0!
A22: ROSS S | B22: I848 | C22: =450+987+2370+1706+175+325+1250+175+1175+1645+1175+4583+975+350 -> 17341 | D22: =252+547+1812+929+96+167+656+100+564+915+564+3048+525+200 -> 10375 | E22: =C22/D22 -> 1.6714217 | F22: 0 | G22: 0 | H22: =C22-F22-G22 -> 17341 | I22: =F22/C22 -> 0
A23: CARL L | B23: I850 | C23: =4165+147.75+660+630+432+115+132.5 -> 6282.25 | D23: =2450+91.5+360+360+234+60+77.5 -> 3633 | E23: =C23/D23 -> 1.7292183 | F23: =4080 -> 4080 | G23: 0 | H23: =C23-F23-G23 -> 2202.25 | I23: =F23/C23 -> 0.64944884
A24: ANTOINETTE V | B24: I856 | C24: =1500.9+3209.82+2361.73+6143.76+332.97+494.98+947.7+102+150+399.8+396.15+1272.55 -> 17312.36 | D24: =873+1434+1297+3635+183+301.32+618+62+100+196+217.25+730 -> 9646.57 | E24: =C24/D24 -> 1.7946648 | F24: 0 | G24: =256.55 -> 256.55 | H24: =C24-F24-G24 -> 17055.81 | I24: =F24/C24 -> 0
A25: JAVIER C | B25: I865 | C25: =1345.5+1065+987+2328.96+318+864+2004+2272.5+247.5+642.5+240+1096.5+1100+260 -> 14771.46 | D25: =783+585+572+1320+183+489+1251+1464+148.5+377.5+135+645+610+151 -> 8714 | E25: =C25/D25 -> 1.6951412 | F25: =720 -> 720 | G25: =134.75+256.55+267.5+196 -> 854.8 | H25: =C25-F25-G25 -> 13196.66 | I25: =F25/C25 -> 0.048742643
A26: TIMOTHY C | B26: I867 | C26: =670+877+125+565+482.8+1350+2320.98+231+390+3920.88+240+432.8+808.98+1326+1170+150+199.98 -> 15260.42 | D26: =380+513+73.5+330+277+900+1364+135+300+2589+135+250.5+472+776+810+67.5+120 -> 9492.5 | E26: =C26/D26 -> 1.6076292 | F26: 0 | G26: =175.6+196 -> 371.6 | H26: =C26-F26-G26 -> 14888.82 | I26: =F26/C26 -> 0
A27: KELLSTEIN G | B27: I879 | C27: =93.5 -> 93.5 | D27: =53 -> 53 | E27: =C27/D27 -> 1.7641509 | F27: 0 | G27: 0 | H27: =C27-F27-G27 -> 93.5 | I27: =F27/C27 -> 0
A28: JOSE S | B28: I887 | C28: 0 | D28: 0 | E28: =C28/D28 -> #DIV/0! | F28: 0 | G28: 0 | H28: =C28-F28-G28 -> 0 | I28: =F28/C28 -> #DIV/0!
A29: BRONSON B | B29: I893 | C29: 0 | D29: 0 | E29: =C29/D29 -> #DIV/0! | F29: 0 | G29: 0 | H29: =C29-F29-G29 -> 0 | I29: =F29/C29 -> #DIV/0!
A30: NICO L | B30: I896 | C30: =147.75+478 -> 625.75 | D30: =91.5+233 -> 324.5 | E30: =C30/D30 -> 1.9283513 | F30: 0 | G30: 0 | H30: =C30-F30-G30 -> 625.75 | I30: =F30/C30 -> 0
A31: VINCENZO G | B31: I897 | C31: =629.07+315+665.94+243+236.97 -> 2089.98 | D31: =366+183+366+135+135 -> 1185 | E31: =C31/D31 -> 1.7636962 | F31: 0 | G31: 0 | H31: =C31-F31-G31 -> 2089.98 | I31: =F31/C31 -> 0
A32: MARTIN A | B32: I898 | C32: =219+125.97 -> 344.97 | D32: =100+90 -> 190 | E32: =C32/D32 -> 1.8156316 | F32: 0 | G32: 0 | H32: =C32-F32-G32 -> 344.97 | I32: =F32/C32 -> 0
A33: MATT G | B33: I902 | C33: =161+450 -> 611 | D33: =100.5+236.9 -> 337.4 | E33: =C33/D33 -> 1.8109069 | F33: 0 | G33: 0 | H33: =C33-F33-G33 -> 611 | I33: =F33/C33 -> 0
A34: JERRY S | B34: I924 | C34: =3350+1171+4855+4128 -> 13504 | D34: =1839+575.95+3671+2316 -> 8401.95 | E34: =C34/D34 -> 1.6072459 | F34: 0 | G34: =212.7+503.48+458.54+348.97 -> 1523.69 | H34: =C34-F34-G34 -> 11980.31 | I34: =F34/C34 -> 0
A35: TERM S/P | C35: 0 | D35: 0 | E35: =C35/D35 -> #DIV/0! | F35: 0 | G35: 0 | H35: =C35-F35-G35 -> 0 | I35: =F35/C35 -> #DIV/0!
A36: IL DIV 00 TOTAL | C36: =SUM(C5:C35) -> 599398.96 | D36: =SUM(D5:D35) -> 382356.69 | E36: =C36/D36 -> 1.5676434 | F36: =SUM(F5:F35) -> 7683 | G36: =SUM(G5:G35) -> 3584.49 | H36: =C36-F36-G36 -> 588131.47 | I36: =F36/C36 -> 0.01281784
A38: ILLINOIS DIV22
A39: TOM C | B39: I033 | C39: 0 | D39: 0 | E39: =C39/D39 -> #DIV/0! | F39: 0 | G39: 0 | H39: =C39-F39-G39 -> 0 | I39: =F39/C39 -> #DIV/0!
A40: JASON M | B40: I069 | C40: 0 | D40: 0 | E40: =C40/D40 -> #DIV/0! | F40: 0 | G40: 0 | H40: =C40-F40-G40 -> 0 | I40: =F40/C40 -> #DIV/0!
A41: JORDAN M. | B41: I272 | C41: =194.7+118+1197+411 -> 1920.7 | D41: =120.25+68.9+795.51+225.33 -> 1209.99 | E41: =C41/D41 -> 1.5873685 | F41: 0 | G41: =483.91 -> 483.91 | H41: =C41-F41-G41 -> 1436.79 | I41: =F41/C41 -> 0
A42: JIMMY M | B42: I281 | C42: =6119.6+15060.8+5257.56+12412.62+3154.14+350+2986.8+5488.3+3087.5+1034.4+14819.63+556.5+2418.7+6617.98+3216.75+1204.95+8767.1+7446.75+1266.8+6199.1 -> 107465.98 | D42: =3927.8+9155.8+4873.92+7622.6+1874.6+163.8+1631+3105.1+1932+747+8838+326.3+1389.6+3822.07+1846.25+722.65+5218.85+4134.6+779.8+3749.1 -> 65860.84 | E42: =C42/D42 -> 1.6317129 | F42: =371+440+996 -> 1807 | G42: 0 | H42: =C42-F42-G42 -> 105658.98 | I42: =F42/C42 -> 0.016814624
A43: CHRIS Z | B43: I393 | C43: 0 | D43: 0 | E43: =C43/D43 -> #DIV/0! | F43: 0 | G43: 0 | H43: =C43-F43-G43 -> 0 | I43: =F43/C43 -> #DIV/0!
A44: JEFF J | B44: I436 | C44: =1099 -> 1099 | D44: =756 -> 756 | E44: =C44/D44 -> 1.4537037 | F44: 0 | G44: 0 | H44: =C44-F44-G44 -> 1099 | I44: =F44/C44 -> 0
A45: IAIR Z | B45: I462 | C45: 0 | D45: 0 | E45: =C45/D45 -> #DIV/0! | F45: 0 | G45: 0 | H45: =C45-F45-G45 -> 0 | I45: =F45/C45 -> #DIV/0!
A46: RICO C | B46: I478 | C46: =713+927.96+375+329.6+816+230.5+170.85+208.08+348+452 -> 4570.99 | D46: =440.1+556.8+230.6+182.6+559.5+135.15+100.5+109.2+211.7+276 -> 2802.15 | E46: =C46/D46 -> 1.6312439 | F46: 0 | G46: 0 | H46: =C46-F46-G46 -> 4570.99 | I46: =F46/C46 -> 0
A47: DAN M | B47: I501 | C47: =2784.85+1608+504+378 -> 5274.85 | D47: =1993.2+1057.7+327+289.2 -> 3667.1 | E47: =C47/D47 -> 1.4384255 | F47: 0 | G47: 0 | H47: =C47-F47-G47 -> 5274.85 | I47: =F47/C47 -> 0
A48: CHRIS T | B48: I664 | C48: 0 | D48: 0 | E48: =C48/D48 -> #DIV/0! | F48: 0 | G48: 0 | H48: =C48-F48-G48 -> 0 | I48: =F48/C48 -> #DIV/0!
A49: MARK S | B49: I729 | C49: =5152.5+4607+2333.5+5074+1920.85+465+2271+1171+5497.2+1725.85+207+4215.41+2762.6+603+704+827+947.5+967.59+7949.7 -> 49401.7 | D49: =3053.3+2927.8+1396.9+3316+1226.86+253.3+1486+666.2+3541.9+973.1+153+3442.4+2076.9+374.6+420.8+459.6+628.8+538.05+5581.87 -> 32517.38 | E49: =C49/D49 -> 1.5192399 | F49: =479+712+384 -> 1575 | G49: 0 | H49: =C49-F49-G49 -> 47826.7 | I49: =F49/C49 -> 0.031881494
A50: AL SANDERS | B50: I801 | C50: =648.3 -> 648.3 | D50: =445.5 -> 445.5 | E50: =C50/D50 -> 1.4552189 | F50: 0 | G50: 0 | H50: =C50-F50-G50 -> 648.3 | I50: =F50/C50 -> 0
A51: SAMUEL J | B51: I815 | C51: 0 | D51: 0 | E51: =C51/D51 -> #DIV/0! | F51: 0 | G51: 0 | H51: =C51-F51-G51 -> 0 | I51: =F51/C51 -> #DIV/0!
A52: ANDREY K | B52: I816 | C52: =1331.4 -> 1331.4 | D52: =792.1 -> 792.1 | E52: =C52/D52 -> 1.6808484 | F52: 0 | G52: 0 | H52: =C52-F52-G52 -> 1331.4 | I52: =F52/C52 -> 0
A53: DAVID S | B53: I830 | C53: =200.6+2436+2841+1262+822.8+731.1+3820.41+659.6+1594.4+3976.86+9822.05+1612.32+542.84+3761.15+598.9+75+251.8+2738.5 -> 37747.33 | D53: =123.9+1942.6+1768.7+810.5+484+430+2321.9+415.2+985.7+2438.25+6718.1+968.8+335+2434.55+330.5+40.7+148.1+1640.3 -> 24336.8 | E53: =C53/D53 -> 1.5510392 | F53: 0 | G53: 0 | H53: =C53-F53-G53 -> 37747.33 | I53: =F53/C53 -> 0
A54: CARL L | B54: I850 | C54: 0 | D54: 0 | E54: =C54/D54 -> #DIV/0! | F54: =59 -> 59 | G54: 0 | H54: =C54-F54-G54 -> -59 | I54: =F54/C54 -> #DIV/0!
A55: JAVIER C | B55: I865 | C55: 0 | D55: 0 | E55: =C55/D55 -> #DIV/0! | F55: 0 | G55: 0 | H55: =C55-F55-G55 -> 0 | I55: =F55/C55 -> #DIV/0!
A56: KELLSTEIN G | B56: I879 | C56: 0 | D56: 0 | E56: =C56/D56 -> #DIV/0! | F56: 0 | G56: 0 | H56: =C56-F56-G56 -> 0 | I56: =F56/C56 -> #DIV/0!
A57: JOSE S | B57: I887 | C57: =862+2997+2823+276+684+402.5+2347+1512+271.36+1453+1094.74+2133.8+2067.4+1022.4+1731+1732+32+736+666+513 -> 25356.2 | D57: =498.2+1819.3+1633.8+156+402+250.7+1402.9+874.6+169.6+845.5+668.96+1286.3+1119.9+601.2+983+994.4+18.7+432+372.6+295.1 -> 14824.76 | E57: =C57/D57 -> 1.7103953 | F57: =365+271.36+541.44+475 -> 1652.8 | G57: 0 | H57: =C57-F57-G57 -> 23703.4 | I57: =F57/C57 -> 0.065183269
A58: MARSHALL H | B58: I891 | C58: =348+150.4+612.3+400+2165.5+1196.5+1284+164.7+693+583.5 -> 7597.9 | D58: =184.1+83.95+320.3+301.3+1237+698.3+518.3+74.1+407+330 -> 4154.35 | E58: =C58/D58 -> 1.8289022 | F58: =108 -> 108 | G58: 0 | H58: =C58-F58-G58 -> 7489.9 | I58: =F58/C58 -> 0.014214454
A59: BENJI C | B59: I892 | C59: =0 -> 0 | D59: =0 -> 0 | E59: =C59/D59 -> #DIV/0! | F59: 0 | G59: 0 | H59: =C59-F59-G59 -> 0 | I59: =F59/C59 -> #DIV/0!
A60: BRONSON B | B60: I893 | C60: 0 | D60: 0 | E60: =C60/D60 -> #DIV/0! | F60: 0 | G60: 0 | H60: =C60-F60-G60 -> 0 | I60: =F60/C60 -> #DIV/0!
A61: AIDEN H | B61: I895 | C61: =618.74+450+367+341.7+567.9+350+547.2 -> 3242.54 | D61: =380.7+324+158.4+225.8+334+201+312 -> 1935.9 | E61: =C61/D61 -> 1.6749522 | F61: 0 | G61: 0 | H61: =C61-F61-G61 -> 3242.54 | I61: =F61/C61 -> 0
A62: ETHAN F | B62: I899 | C62: =605+1370+307.6+1189.5 -> 3472.1 | D62: =362.4+776.6+180.9+915 -> 2234.9 | E62: =C62/D62 -> 1.5535818 | F62: 0 | G62: 0 | H62: =C62-F62-G62 -> 3472.1 | I62: =F62/C62 -> 0
A63: LUCAS L | B63: I900 | C63: =702+362 -> 1064 | D63: =412.7+211.7 -> 624.4 | E63: =C63/D63 -> 1.7040359 | F63: 0 | G63: 0 | H63: =C63-F63-G63 -> 1064 | I63: =F63/C63 -> 0
A64: MATT G | B64: I902 | C64: =357+1629+3076.7+1180+1797.5+2183.7+1887.9+3764.3+8935+672.42+3040+725+1699.5+1802+434+381+915.26+2951.5 -> 37431.78 | D64: =201+955.6+1950.9+685.5+995.85+1209+1095.3+2340.4+5424+418.6+1846.8+403.5+909.3+997.4+289+229.5+535.4+1802.54 -> 22289.59 | E64: =C64/D64 -> 1.6793391 | F64: =393+970 -> 1363 | G64: 0 | H64: =C64-F64-G64 -> 36068.78 | I64: =F64/C64 -> 0.036412909
A65: JERRY S | B65: I924 | C65: =1156.7+857.5+877+451.25+1867.5+2369+5425.8+596+1290+2350+481.3+342 -> 18064.05 | D65: =779.05+513.5+557.8+290.25+1280.5+1523.4+3938.9+349+720+2062.4+293.65+262.8 -> 12571.25 | E65: =C65/D65 -> 1.4369335 | F65: =727.5+321 -> 1048.5 | G65: 0 | H65: =C65-F65-G65 -> 17015.55 | I65: =F65/C65 -> 0.058043462
A66: HELIXHOUSE | B66: I944 | C66: =462.2+508.19+415.98+666.64+587.8+802.2+3391.79 -> 6834.8 | D66: =416+207.6+569.15+76+85.35+374.4+770.7+529+839+3091.5 -> 6958.7 | E66: =C66/D66 -> 0.98219495 | F66: 0 | G66: 0 | H66: =C66-F66-G66 -> 6834.8 | I66: =F66/C66 -> 0
A67: TERM | C67: 0 | D67: 0 | E67: =C67/D67 -> #DIV/0! | F67: 0 | G67: 0 | H67: =C67-F67-G67 -> 0 | I67: =F67/C67 -> #DIV/0!
A68: IL DIV 22 TOTAL | C68: =SUM(C39:C67) -> 312523.62 | D68: =SUM(D39:D67) -> 197981.71 | E68: =C68/D68 -> 1.5785479 | F68: =SUM(F39:F67) -> 7613.3 | G68: =SUM(G39:G67) -> 483.91 | H68: =C68-F68-G68 -> 304426.41 | I68: =F68/C68 -> 0.024360719
A70: ILLINOIS DIV33
A71: PHILLIP S | B71: F905 | C71: 0 | D71: 0 | E71: =C71/D71 -> #DIV/0! | F71: 0 | G71: 0 | H71: =C71-F71-G71 -> 0 | I71: =F71/C71 -> #DIV/0!
A72: TOM C | B72: I033 | C72: 0 | D72: 0 | E72: =C72/D72 -> #DIV/0! | F72: 0 | G72: 0 | H72: =C72-F72-G72 -> 0 | I72: =F72/C72 -> #DIV/0!
A73: JORDAN M | B73: I272 | C73: =5635+1422+1574+611+394+2368.42+1997+945+6088.5+11898.1+420+2034+1254.36+108+11731.4+6223.5+1434+355.5 -> 56493.78 | D73: =4250+684+896.3+393.64+261.96+1709.52+1138.6+607.5+3942.2+8942.08+247+967.5+827.76+63+8606.55+4566.5+892.46+183.42 -> 39179.99 | E73: =C73/D73 -> 1.4419039 | F73: =120+306 -> 426 | G73: 0 | H73: =C73-F73-G73 -> 56067.78 | I73: =F73/C73 -> 0.0075406531
A74: JIMMY M | B74: I281 | C74: 0 | D74: 0 | E74: =C74/D74 -> #DIV/0! | F74: 0 | G74: 0 | H74: =C74-F74-G74 -> 0 | I74: =F74/C74 -> #DIV/0!
A75: CHRIS Z | B75: I393 | C75: =600+299.5+720 -> 1619.5 | D75: =275+228.5+391.68 -> 895.18 | E75: =C75/D75 -> 1.8091334 | F75: =142.5+89.5+120 -> 352 | G75: 0 | H75: =C75-F75-G75 -> 1267.5 | I75: =F75/C75 -> 0.21735103
A76: JEFF J | B76: I436 | C76: =355.5 -> 355.5 | D76: =183.42 -> 183.42 | E76: =C76/D76 -> 1.9381747 | F76: 0 | G76: 0 | H76: =C76-F76-G76 -> 355.5 | I76: =F76/C76 -> 0
A77: DAN M | B77: I501 | C77: =630+198+850+630+612+1140.64+315+224.8+594+6400 -> 11594.44 | D77: =391.5+106.5+575+391.5+333+695.06+235+172.76+342+4914 -> 8156.32 | E77: =C77/D77 -> 1.4215283 | F77: 0 | G77: 0 | H77: =C77-F77-G77 -> 11594.44 | I77: =F77/C77 -> 0
A78: CHRISTIAN | B78: I664 | C78: 0 | D78: 0 | E78: =C78/D78 -> #DIV/0! | F78: 0 | G78: 0 | H78: =C78-F78-G78 -> 0 | I78: =F78/C78 -> #DIV/0!
A79: MARK S | B79: I729 | C79: 0 | D79: 0 | E79: =C79/D79 -> #DIV/0! | F79: 0 | G79: 0 | H79: =C79-F79-G79 -> 0 | I79: =F79/C79 -> #DIV/0!
A80: JAY M | B80: I769 | C80: 0 | D80: 0 | E80: =C80/D80 -> #DIV/0! | F80: 0 | G80: 0 | H80: =C80-F80-G80 -> 0 | I80: =F80/C80 -> #DIV/0!
A81: AL S | B81: I801 | C81: =1026 -> 1026 | D81: =515.25 -> 515.25 | E81: =C81/D81 -> 1.9912664 | F81: 0 | G81: 0 | H81: =C81-F81-G81 -> 1026 | I81: =F81/C81 -> 0
A82: SAMUEL J | B82: I815 | C82: 0 | D82: 0 | E82: =C82/D82 -> #DIV/0! | F82: 0 | G82: 0 | H82: =C82-F82-G82 -> 0 | I82: =F82/C82 -> #DIV/0!
A83: DAVID S | B83: I830 | C83: =225+513 -> 738 | D83: =168.75+294.75 -> 463.5 | E83: =C83/D83 -> 1.592233 | F83: 0 | G83: 0 | H83: =C83-F83-G83 -> 738 | I83: =F83/C83 -> 0
A84: ANTOINETTE V | B84: I856 | C84: 0 | D84: 0 | E84: =C84/D84 -> #DIV/0! | F84: 0 | G84: 0 | H84: =C84-F84-G84 -> 0 | I84: =F84/C84 -> #DIV/0!
A85: JAVIER C | B85: I865 | C85: 0 | D85: 0 | E85: =C85/D85 -> #DIV/0! | F85: 0 | G85: 0 | H85: =C85-F85-G85 -> 0 | I85: =F85/C85 -> #DIV/0!
A86: KELLSTEIN G | B86: I879 | C86: =693 -> 693 | D86: =310.5 -> 310.5 | E86: =C86/D86 -> 2.2318841 | F86: 0 | G86: 0 | H86: =C86-F86-G86 -> 693 | I86: =F86/C86 -> 0
A87: JERRY S | B87: I924 | C87: =11999+4478.4+20697.5+2946.4+2196.5+3999.25+5176+68293+44513+5876+2058+1734.36+40726+4979+4961+8166.44+760 -> 233559.85 | D87: =8013.25+2356.3+11646.42+1764.95+1440.24+2383.83+3235.25+49688+31943.22+3702.9+1340.29+1168.56+27728.83+2968.86+3566.9+4646.38+354.98 -> 157949.16 | E87: =C87/D87 -> 1.4787027 | F87: =142.5+89.5+600+70 -> 902 | G87: 0 | H87: =C87-F87-G87 -> 232657.85 | I87: =F87/C87 -> 0.0038619651
A88: HELIX FLOORS HOUSE ACCOUNT | B88: I000 | C88: 0 | D88: 0 | E88: =C88/D88 -> #DIV/0! | F88: 0 | G88: 0 | H88: =C88-F88-G88 -> 0 | I88: =F88/C88 -> #DIV/0!
A89: IL DIV 33 TOTAL | C89: =SUM(C71:C88) -> 306080.07 | D89: =SUM(D71:D88) -> 207653.32 | E89: =C89/D89 -> 1.4739956 | F89: =SUM(F71:F88) -> 1680 | G89: =SUM(G71:G88) -> 0 | H89: =C89-F89-G89 -> 304400.07 | I89: =F89/C89 -> 0.0054887599
A91: IL DIV 55
A92: AL S | B92: I801 | C92: =973.2+2670+3663.8+1609.3+3690+2667.7+3669.6+2446+1529.5+459.8+1457.6+3382.2+3436 -> 31654.7 | D92: =447.3+890+1252.6+790+1230+1076.5+2098+1287.6+715.5+214+650.8+2072.5+1725 -> 14449.8 | E92: =C92/D92 -> 2.190667 | F92: =189.9 -> 189.9 | G92: 0 | H92: =C92-F92-G92 -> 31464.8 | I92: =F92/C92 -> 0.0059991091
A93: CHRIS Z | B93: I393 | C93: 0 | D93: 0 | E93: =C93/D93 -> #DIV/0! | F93: 0 | G93: 0 | H93: =C93-F93-G93 -> 0 | I93: =F93/C93 -> #DIV/0!
A94: ANTOINETTE V | B94: I856 | C94: =760.7+726.29+2408+796.8+401.8+565 -> 5658.59 | D94: =382+409.6+1352.5+391+182+332 -> 3049.1 | E94: =C94/D94 -> 1.855823 | F94: 0 | G94: 0 | H94: =C94-F94-G94 -> 5658.59 | I94: =F94/C94 -> 0
A95: MAX H | B95: I883 | C95: 0 | D95: 0 | E95: =C95/D95 -> #DIV/0! | F95: 0 | G95: 0 | H95: =C95-F95-G95 -> 0 | I95: =F95/C95 -> #DIV/0!
A96: TERM S/P | C96: 0 | D96: 0 | E96: =C96/D96 -> #DIV/0! | F96: 0 | G96: 0 | H96: =C96-F96-G96 -> 0 | I96: =F96/C96 -> #DIV/0!
A97: IL DIV 55 TOTAL | C97: =SUM(C92:C96) -> 37313.29 | D97: =SUM(D92:D96) -> 17498.9 | E97: =C97/D97 -> 2.132322 | F97: =SUM(F92:F96) -> 189.9 | G97: =SUM(G92:G96) -> 0 | H97: =C97-F97-G97 -> 37123.39 | I97: =F97/C97 -> 0.0050893395
A99: IL DIV 77
A100: HOUSE | B100: I001 | C100: =0 -> 0 | D100: =0 -> 0 | E100: =C100/D100 -> #DIV/0! | F100: 0 | G100: 0 | H100: =C100-F100-G100 -> 0 | I100: =F100/C100 -> #DIV/0!
A101: TOM C | B101: I033 | C101: =0 -> 0 | D101: =0 -> 0 | E101: =C101/D101 -> #DIV/0! | F101: 0 | G101: 0 | H101: =C101-F101-G101 -> 0 | I101: =F101/C101 -> #DIV/0!
A102: CHRIS Z | B102: I393 | C102: =0 -> 0 | D102: =0 -> 0 | E102: =C102/D102 -> #DIV/0! | F102: 0 | G102: 0 | H102: =C102-F102-G102 -> 0 | I102: =F102/C102 -> #DIV/0!
A103: JEFF J | B103: I436 | C103: =0 -> 0 | D103: =0 -> 0 | E103: =C103/D103 -> #DIV/0! | F103: 0 | G103: 0 | H103: =C103-F103-G103 -> 0 | I103: =F103/C103 -> #DIV/0!
A104: IL DIV 77 TOTAL | C104: =SUM(C101:C103) -> 0 | D104: =SUM(D101:D103) -> 0 | E104: =C104/D104 -> #DIV/0! | F104: =SUM(F100:F103) -> 0 | G104: =SUM(G100:G103) -> 0 | H104: =C104-F104-G104 -> 0 | I104: =F104/C104 -> #DIV/0!
A106: TOTAL IL | C106: =C36+C68+C89+C104+C97 -> 1255315.9 | D106: =D36+D68+D104+D89+D97 -> 805490.62 | E106: =C106/D106 -> 1.5584489 | F106: =F36+F68+F104+F89+F97 -> 17166.2 | G106: =G36+G68+G104+G89+G97 -> 4068.4 | H106: =C106-F106-G106 -> 1234081.3 | I106: =F106/C106 -> 0.013674804

Sheet JULY WI
A1: =+' JULY AZ'!A1 -> 46234
A3: WISCONSIN DIV00 | H3: NET
C4: SALES $ | D4: COGS | E4: M/U | F4: RTNS | G4: COLLECTIONS | H4: SALES | I4: RTN %
A5: ADAM W | B5: W603 | C5: =450+390+2700+8030.8+1712.5+590.06+1213.8+7091.2+5260+1132.3+1815+2139.98+314 -> 32839.64 | D5: =204.15+192+1224+5011+1104.93+364.5+933+4276.8+2742+649.1+1067.5+1226+241 -> 19235.98 | E5: =C5/D5 -> 1.7071987 | F5: =986 -> 986 | G5: =632.82 -> 632.82 | H5: =C5-F5-G5 -> 31220.82 | I5: =F5/C5 -> 0.03002469
A6: KERRY S | B6: W762 | C6: =960+2982.4+960+165 -> 5067.4 | D6: =609+2236+609+110 -> 3564 | E6: =C6/D6 -> 1.4218294 | F6: 0 | G6: 0 | H6: =C6-F6-G6 -> 5067.4 | I6: =F6/C6 -> 0
A7: JUSTIN | B7: W784 | C7: =450+5079.84+2700+2880+2267.5+2250+1835+1320+8705+783.75+2025.87+165 -> 30461.96 | D7: =204.15+3142.5+1224+1796+1421.5+1175+1046.5+768+4767+387.75+1183+110 -> 17225.4 | E7: =C7/D7 -> 1.7684327 | F7: 0 | G7: 0 | H7: =C7-F7-G7 -> 30461.96 | I7: =F7/C7 -> 0
A8: RON B | B8: W839 | C8: =3733.56+1290+4660+300+6049.88+9131.88+2612.8+437.5+2079.6+43.75 -> 30338.97 | D8: =2484+661+2536.5+108+3598+5274+1481.9+261.5+1207+13.5 -> 17625.4 | E8: =C8/D8 -> 1.7213209 | F8: =1199.88 -> 1199.88 | G8: 0 | H8: =C8-F8-G8 -> 29139.09 | I8: =F8/C8 -> 0.039549134
A9: JOHN B | B9: W849 | C9: =276+3754.99+5325+165+207.25+4944.97+942+600+150+2161.8 -> 18527.01 | D9: =126+2598+3285+1125+78.5+112+2819+473+252+85+932 -> 11885.5 | E9: =C9/D9 -> 1.558791 | F9: 0 | G9: 0 | H9: =C9-F9-G9 -> 18527.01 | I9: =F9/C9 -> 0
A10: LUIS M | B10: W909 | C10: =783.75+4500 -> 5283.75 | D10: =387.75+3300 -> 3687.75 | E10: =C10/D10 -> 1.4327842 | F10: 0 | G10: 0 | H10: =C10-F10-G10 -> 5283.75 | I10: =F10/C10 -> 0
A11: ADAM M | B11: W930 | C11: =1754.99+2649.91+7419.75+3526.76+3775+86.99+507+3559.85+2719.96+2339.94+6105.94+4347+2565 -> 41358.09 | D11: =850+995+3635+1630.9+2050+47.7+168.75+1496.95+990+993+3070+1507+1404 -> 18838.3 | E11: =C11/D11 -> 2.1954258 | F11: 0 | G11: =3984.33 -> 3984.33 | H11: =C11-F11-G11 -> 37373.76 | I11: =F11/C11 -> 0
A12: LES K | B12: W934 | C12: =180+1379.94+399.98 -> 1959.92 | D12: =100+768+195 -> 1063 | E12: =C12/D12 -> 1.8437629 | F12: 0 | G12: 0 | H12: =C12-F12-G12 -> 1959.92 | I12: =F12/C12 -> 0
A13: GEOFFREY N | B13: W938 | C13: =276+150+285 -> 711 | D13: =126+85+150 -> 361 | E13: =C13/D13 -> 1.9695291 | F13: 0 | G13: 0 | H13: =C13-F13-G13 -> 711 | I13: =F13/C13 -> 0
A14: JAMEL L | B14: W953 | C14: 0 | D14: 0 | E14: =C14/D14 -> #DIV/0! | F14: =140 -> 140 | G14: 0 | H14: =C14-F14-G14 -> -140 | I14: =F14/C14 -> #DIV/0!
A15: CASSANDRA K | B15: W959 | C15: =150+2868+936.4+69+245.98 -> 4269.38 | D15: =86+1668+449.9+39.6+122 -> 2365.5 | E15: =C15/D15 -> 1.8048531 | F15: =8750 -> 8750 | G15: =632.82 -> 632.82 | H15: =C15-F15-G15 -> -5113.44 | I15: =F15/C15 -> 2.0494779
A16: CHRIS K | B16: W962 | C16: =2500+899.97+499.99+195+781+4000+1000+299.98+780 -> 10955.94 | D16: =1175+324+180+108+454+2350+587.5+192+241.8 -> 5612.3 | E16: =C16/D16 -> 1.9521301 | F16: 0 | G16: 0 | H16: =C16-F16-G16 -> 10955.94 | I16: =F16/C16 -> 0
A17: NICO T | B17: W963 | C17: 0 | D17: 0 | E17: =C17/D17 -> #DIV/0! | F17: 0 | G17: =1756.34 -> 1756.34 | H17: =C17-F17-G17 -> -1756.34 | I17: =F17/C17 -> #DIV/0!
A18: BLAKE M | B18: W966 | C18: =125+140+597+405 -> 1267 | D18: =43.5+62.4+282+204 -> 591.9 | E18: =C18/D18 -> 2.1405643 | F18: 0 | G18: 0 | H18: =C18-F18-G18 -> 1267 | I18: =F18/C18 -> 0
A19: JAMES B | B19: W967 | C19: =150 -> 150 | D19: =97.5 -> 97.5 | E19: =C19/D19 -> 1.5384615 | F19: =1129.95+564.98 -> 1694.93 | G19: 0 | H19: =C19-F19-G19 -> -1544.93 | I19: =F19/C19 -> 11.299533
A20: ANTHONYS | B20: W973 | C20: =2280+453+622.2+2250+1810+413.6+1185.6+3914.4 -> 12928.8 | D20: =1200+222.5+366+1175+755.5+244+624+1519 -> 6106 | E20: =C20/D20 -> 2.1173927 | F20: 0 | G20: 0 | H20: =C20-F20-G20 -> 12928.8 | I20: =F20/C20 -> 0
A21: SCOT T | B21: W983 | C21: =2500+139.9+1199.5+507+5929+7047.94+4381.25+931+4000+4639.72+780+2549.85 -> 34605.16 | D21: =1175+62.4+425+168.75+2882.05+5150+3370+551.5+2350+3697+241.8+1770 -> 21843.5 | E21: =C21/D21 -> 1.5842315 | F21: =659.94+1129.95+564.98+1699.9+1175.51 -> 5230.28 | G21: =1756.34+1296.98+4795.45 -> 7848.77 | H21: =C21-F21-G21 -> 21526.11 | I21: =F21/C21 -> 0.15114162
A22: TERMINATED | C22: 0 | D22: 0 | E22: =C22/D22 -> #DIV/0! | F22: 0 | G22: 0 | H22: =C22-F22-G22 -> 0 | I22: =F22/C22 -> #DIV/0!
A23: WI DIV 00 TOTAL | C23: =SUM(C5:C22) -> 230724.02 | D23: =SUM(D5:D22) -> 130103.03 | E23: =C23/D23 -> 1.7733947 | F23: =SUM(F5:F22) -> 18001.09 | G23: =SUM(G5:G22) -> 14855.08 | H23: =C23-F23-G23 -> 197867.85 | I23: =F23/C23 -> 0.078020008
A25: WISCONSIN DIV22
A26: ADAM W | B26: W603 | C26: 0 | D26: 0 | E26: =C26/D26 -> #DIV/0! | F26: 0 | G26: 0 | H26: =C26-F26-G26 -> 0 | I26: =F26/C26 -> #DIV/0!
A27: KERRY S | B27: W762 | C27: 0 | D27: 0 | E27: =C27/D27 -> #DIV/0! | F27: 0 | G27: 0 | H27: =C27-F27-G27 -> 0 | I27: =F27/C27 -> #DIV/0!
A28: JUSTIN G | B28: W784 | C28: 0 | D28: 0 | E28: =C28/D28 -> #DIV/0! | F28: 0 | G28: 0 | H28: =C28-F28-G28 -> 0 | I28: =F28/C28 -> #DIV/0!
A29: RONALD B | B29: W839 | C29: 0 | D29: 0 | E29: =C29/D29 -> #DIV/0! | F29: 0 | G29: 0 | H29: =C29-F29-G29 -> 0 | I29: =F29/C29 -> #DIV/0!
A30: JOHN B | B30: W849 | C30: 0 | D30: 0 | E30: =C30/D30 -> #DIV/0! | F30: 0 | G30: 0 | H30: =C30-F30-G30 -> 0 | I30: =F30/C30 -> #DIV/0!
A31: FOREST C | B31: W923 | C31: 0 | D31: 0 | E31: =C31/D31 -> #DIV/0! | F31: 0 | G31: 0 | H31: =C31-F31-G31 -> 0 | I31: =F31/C31 -> #DIV/0!
A32: ADAM M | B32: W930 | C32: 0 | D32: 0 | E32: =C32/D32 -> #DIV/0! | F32: 0 | G32: 0 | H32: =C32-F32-G32 -> 0 | I32: =F32/C32 -> #DIV/0!
A33: LES K | B33: W934 | C33: 0 | D33: 0 | E33: =C33/D33 -> #DIV/0! | F33: 0 | G33: 0 | H33: =C33-F33-G33 -> 0 | I33: =F33/C33 -> #DIV/0!
A34: GEOFFREY N | B34: W938 | C34: 0 | D34: 0 | E34: =C34/D34 -> #DIV/0! | F34: 0 | G34: 0 | H34: =C34-F34-G34 -> 0 | I34: =F34/C34 -> #DIV/0!
A35: ANTHONYS | B35: W973 | C35: 0 | D35: 0 | E35: =C35/D35 -> #DIV/0! | F35: 0 | G35: 0 | H35: =C35-F35-G35 -> 0 | I35: =F35/C35 -> #DIV/0!
A36: SCOT T | B36: W983 | C36: 0 | D36: 0 | E36: =C36/D36 -> #DIV/0! | F36: 0 | G36: 0 | H36: =C36-F36-G36 -> 0 | I36: =F36/C36 -> #DIV/0!
A37: TERM | C37: 0 | D37: 0 | E37: =C37/D37 -> #DIV/0! | F37: 0 | G37: 0 | H37: =C37-F37-G37 -> 0 | I37: =F37/C37 -> #DIV/0!
A38: WI DIV 22 TOTAL | C38: =SUM(C26:C37) -> 0 | D38: =SUM(D26:D37) -> 0 | E38: =C38/D38 -> #DIV/0! | F38: =SUM(F26:F37) -> 0 | G38: =SUM(G26:G37) -> 0 | H38: =C38-F38-G38 -> 0 | I38: =F38/C38 -> #DIV/0!
A40: WISCONSIN DIV33
A41: ADAM W | B41: W603 | C41: 0 | D41: 0 | E41: =C41/D41 -> #DIV/0! | F41: 0 | G41: 0 | H41: =C41-F41-G41 -> 0 | I41: =F41/C41 -> #DIV/0!
A42: KERRY S | B42: W762 | C42: 0 | D42: 0 | E42: =C42/D42 -> #DIV/0! | F42: 0 | G42: 0 | H42: =C42-F42-G42 -> 0 | I42: =F42/C42 -> #DIV/0!
A43: FRANK G | B43: W784 | C43: 0 | D43: 0 | E43: =C43/D43 -> #DIV/0! | F43: 0 | G43: 0 | H43: =C43-F43-G43 -> 0 | I43: =F43/C43 -> #DIV/0!
A44: RON B | B44: W839 | C44: 0 | D44: 0 | E44: =C44/D44 -> #DIV/0! | F44: 0 | G44: 0 | H44: =C44-F44-G44 -> 0 | I44: =F44/C44 -> #DIV/0!
A45: JOHN B | B45: W849 | C45: 0 | D45: 0 | E45: =C45/D45 -> #DIV/0! | F45: 0 | G45: 0 | H45: =C45-F45-G45 -> 0 | I45: =F45/C45 -> #DIV/0!
A46: LES K | B46: W934 | C46: =100 -> 100 | D46: =45 -> 45 | E46: =C46/D46 -> 2.2222222 | F46: 0 | G46: 0 | H46: =C46-F46-G46 -> 100 | I46: =F46/C46 -> 0
A47: ANTHONY S | B47: W973 | C47: 0 | D47: 0 | E47: =C47/D47 -> #DIV/0! | F47: 0 | G47: 0 | H47: =C47-F47-G47 -> 0 | I47: =F47/C47 -> #DIV/0!
A48: SCOT T | B48: W983 | C48: 0 | D48: 0 | E48: =C48/D48 -> #DIV/0! | F48: 0 | G48: 0 | H48: =C48-F48-G48 -> 0 | I48: =F48/C48 -> #DIV/0!
A49: WI DIV 33 TOTAL | C49: =SUM(C41:C48) -> 100 | D49: =SUM(D41:D48) -> 45 | E49: =SUM(E41:E48) -> #DIV/0! | F49: =SUM(F41:F48) -> 0 | G49: =SUM(G41:G48) -> 0 | H49: =SUM(H41:H48) -> 100 | I49: =F49/C49 -> 0
A51: WISCONSIN DIV44
A52: FRANK G | B52: W784 | C52: 0 | D52: 0 | E52: =C52/D52 -> #DIV/0! | F52: 0 | G52: 0 | H52: =C52-F52-G52 -> 0 | I52: 0
A53: RON B | B53: W839 | C53: 0 | D53: 0 | E53: =C53/D53 -> #DIV/0! | F53: 0 | G53: 0 | H53: =C53-F53-G53 -> 0 | I53: 0
A54: ADAM M | B54: W930 | C54: 0 | D54: 0 | E54: =C54/D54 -> #DIV/0! | F54: 0 | G54: 0 | H54: =C54-F54-G54 -> 0 | I54: 0
A55: ANTHONY S | B55: W973 | C55: 0 | D55: 0 | E55: =C55/D55 -> #DIV/0! | F55: 0 | G55: 0 | H55: =C55-F55-G55 -> 0 | I55: 0
A56: SCOT T | B56: W983 | C56: 0 | D56: 0 | E56: =C56/D56 -> #DIV/0! | F56: 0 | G56: 0 | H56: =C56-F56-G56 -> 0 | I56: 0
A57: WI DIV 44 TOTAL | C57: =SUM(C52:C56) -> 0 | D57: =SUM(D52:D56) -> 0 | E57: =C57/D57 -> #DIV/0! | F57: =SUM(F52:F56) -> 0 | G57: =SUM(G52:G56) -> 0 | H57: =C57-F57-G57 -> 0 | I57: =F57/C57 -> #DIV/0!
A59: TOTAL WI | C59: =C23+C38+C57+C49 -> 230824.02 | D59: =D23+D38+D57+D49 -> 130148.03 | E59: =+C59/D59 -> 1.7735499 | F59: =F23+F38+F57+F49 -> 18001.09 | G59: =G23+G38+G57+G49 -> 14855.08 | H59: =C59-F59-G59 -> 197967.85 | I59: =F59/C59 -> 0.077986208

Sheet JULY 2026 Div Totals
D2: JULY FINAL NUMBERS
A4: =+' JULY AZ'!A1 -> 46234 | H4: NET
C5: SALES | D5: COGS | E5: M/U | F5: RETURNS | G5: COLLECTIONS | H5: SALES | I5: RTN %
A7: DBW | C7: =+' JULY AZ'!C14+' JULY IL'!C36+'JULY WI'!C23 -> 970595.73 | D7: =+' JULY AZ'!D14+' JULY IL'!D36+'JULY WI'!D23 -> 593605.54 | E7: =+C7/D7 -> 1.6350854 | F7: =+' JULY AZ'!F14+' JULY IL'!F36+'JULY WI'!F23 -> 28133.49 | G7: =' JULY AZ'!G14+' JULY IL'!G36+'JULY WI'!G23 -> 22452.9 | H7: =+C7-F7-G7 -> 920009.34 | I7: =+F7/C7 -> 0.028985796
A9: HELIX | C9: =+' JULY AZ'!C23+' JULY IL'!C68+'JULY WI'!C38 -> 385663.3 | D9: =+' JULY AZ'!D23+' JULY IL'!D68+'JULY WI'!D38 -> 241045.84 | E9: =+C9/D9 -> 1.5999583 | F9: =+' JULY AZ'!F23+' JULY IL'!F68+'JULY WI'!F38 -> 8641.8 | G9: =+' JULY AZ'!G23+' JULY IL'!G68+'JULY WI'!G38 -> 483.91 | H9: =+C9-F9-G9 -> 376537.59 | I9: =+F9/C9 -> 0.022407629
A11: HELIX FLOORS | C11: =' JULY IL'!C89+' JULY AZ'!C29+'JULY WI'!C49 -> 309228.07 | D11: =' JULY IL'!D89+' JULY AZ'!D29+'JULY WI'!D49 -> 209224.12 | E11: =+C11/D11 -> 1.4779752 | F11: =' JULY IL'!F89+' JULY AZ'!F29+'JULY WI'!F51 -> 1680 | G11: =' JULY IL'!G89+' JULY AZ'!G29+'JULY WI'!G49 -> 0 | H11: =+C11-F11-G11 -> 307548.07 | I11: =+F11/C11 -> 0.0054328832
A13: HELIX TOOLING | C13: =+'JULY WI'!C57 -> 0 | D13: =+'JULY WI'!D57 -> 0 | E13: =+C13/D13 -> #DIV/0! | F13: =+'JULY WI'!F57 -> 0 | G13: =+'JULY WI'!G57 -> 0 | H13: =+C13-F13-G13 -> 0 | I13: =+F13/C13 -> #DIV/0!
A15: 4COREBIZ | C15: =' JULY IL'!C97 -> 37313.29 | D15: =' JULY IL'!D97 -> 17498.9 | E15: =' JULY IL'!E97 -> 2.132322 | F15: =' JULY IL'!F97 -> 189.9 | G15: =' JULY IL'!G97 -> 0 | H15: =+C15-F15-G15 -> 37123.39 | I15: =' JULY IL'!I92 -> 0.0059991091
A17: STRATUS | C17: =+' JULY IL'!C104 -> 0 | D17: =+' JULY IL'!D104 -> 0 | E17: =+C17/D17 -> #DIV/0! | F17: =+' JULY IL'!F104 -> 0 | G17: =+' JULY IL'!G104 -> 0 | H17: =+C17-F17-G17 -> 0 | I17: =+F17/C17 -> #DIV/0!
A19: TOTAL | C19: =SUM(C3:C18) -> 1702800.4 | D19: =SUM(D3:D18) -> 1061374.4 | E19: =C19/D19 -> 1.6043353 | F19: =SUM(F3:F18) -> 38645.19 | G19: =SUM(G3:G18) -> 22936.81 | H19: =+C19-F19-G19 -> 1641218.4 | I19: =+F19/C19 -> 0.022695079
D59: =60027.25+0.25+80760.66+0.56+67271.79+0.27+81921.85+0.5+92023.63+0.02+97834.55+0.37+109385.67+0.56+84643.82+0.12+78182.76+0.19+60257.96+0.8+102419.9+0.24+109077.88-11838.27+64161.9+0.12+79479.04+0.55+88154.63+0.05 -> 1243769.6
A71: W/D 8/22
A72: RETURNS 12/27 | B72: -2939

Sheet INDIVIDUAL NET TOTALS 
A1: =' JULY AZ'!A1 -> 46234
A4: AZ SALESMEN | C4: SALES | D4: COGS | E4: M/U | F4: RETURNS | G4: COLLECTIONS | H4: NET SALES
A5: ADAM R | B5: A550 | C5: =' JULY AZ'!C5+' JULY AZ'!C17+' JULY AZ'!C26 -> 47246.73 | D5: =' JULY AZ'!D5+' JULY AZ'!D17+' JULY AZ'!D26 -> 27377.6 | E5: =SUM(C5/D5) -> 1.725744 | F5: =' JULY AZ'!F5+' JULY AZ'!F17+' JULY AZ'!F26 -> 0 | G5: =' JULY AZ'!G5+' JULY AZ'!G17+' JULY AZ'!G26 -> 812.44 | H5: =' JULY AZ'!H5+' JULY AZ'!H17+' JULY AZ'!H26 -> 46434.29
A6: LEANDER H | B6: A605 | C6: =' JULY AZ'!C6 -> 0 | D6: =' JULY AZ'!D6 -> 0 | E6: =SUM(C6/D6) -> #DIV/0! | F6: =' JULY AZ'!F6 -> 0 | G6: =' JULY AZ'!G6 -> 0 | H6: =' JULY AZ'!H6 -> 0
A7: JACOB M | B7: A607 | C7: =' JULY AZ'!C7 -> 180 | D7: =' JULY AZ'!D7 -> 100 | E7: =SUM(C7/D7) -> 1.8 | F7: =' JULY AZ'!F7 -> 0 | G7: =' JULY AZ'!G7 -> 0 | H7: =' JULY AZ'!H7 -> 180
A8: LARRY A | B8: A654 | C8: =' JULY AZ'!C8+' JULY AZ'!C18 -> 29331.54 | D8: =' JULY AZ'!D8+' JULY AZ'!D18 -> 16338.77 | E8: =SUM(C8/D8) -> 1.795211 | F8: =' JULY AZ'!F8+' JULY AZ'!F18 -> 1645.4 | G8: =' JULY AZ'!G8+' JULY AZ'!G18 -> 0 | H8: =' JULY AZ'!H8+' JULY AZ'!H18 -> 27686.14
A9: MARK F | B9: A701 | C9: =' JULY AZ'!C9+' JULY AZ'!C19+' JULY AZ'!C27 -> 25233.27 | D9: =' JULY AZ'!D9+' JULY AZ'!D19+' JULY AZ'!D27 -> 14736.62 | E9: =SUM(C9/D9) -> 1.7122834 | F9: =' JULY AZ'!F9+' JULY AZ'!F19+' JULY AZ'!F27 -> 0 | G9: =' JULY AZ'!G9+' JULY AZ'!G19+' JULY AZ'!G27 -> 0 | H9: =' JULY AZ'!H9+' JULY AZ'!H19+' JULY AZ'!H27 -> 25233.27
A10: OLIN M | B10: A702 | C10: =' JULY AZ'!C10+' JULY AZ'!C20+' JULY AZ'!C28 -> 46949.75 | D10: =' JULY AZ'!D10+' JULY AZ'!D20+' JULY AZ'!D28 -> 27610.9 | E10: =SUM(C10/D10) -> 1.7004064 | F10: =' JULY AZ'!F10+' JULY AZ'!F20+' JULY AZ'!F28 -> 114 | G10: =' JULY AZ'!G10+' JULY AZ'!G20+' JULY AZ'!G28 -> 0 | H10: =' JULY AZ'!H10+' JULY AZ'!H20+' JULY AZ'!H28 -> 46835.75
A11: ALEX B | B11: A777 | C11: =' JULY AZ'!C11+' JULY AZ'!C21 -> 67719.14 | D11: =' JULY AZ'!D11+' JULY AZ'!D21 -> 39571.86 | E11: =SUM(C11/D11) -> 1.7112953 | F11: =' JULY AZ'!F11+' JULY AZ'!F21 -> 1028.5 | G11: =' JULY AZ'!G11+' JULY AZ'!G21 -> 0 | H11: =' JULY AZ'!H11+' JULY AZ'!H21 -> 66690.64
A12: AZ HOUSE | B12: A111 | C12: =' JULY AZ'!C12 -> 0 | D12: =' JULY AZ'!D12 -> 0 | E12: =SUM(C12/D12) -> #DIV/0! | F12: =' JULY AZ'!F12 -> 0 | G12: =' JULY AZ'!G12 -> 0 | H12: =' JULY AZ'!H12 -> 0
A13: TERM | C13: =' JULY AZ'!C13 -> 0 | D13: =' JULY AZ'!D13 -> 0 | F13: =' JULY AZ'!F13 -> 690 | G13: =' JULY AZ'!G13 -> 3200.89 | H13: =' JULY AZ'!H13 -> -3890.89
A14: AZ TOTALS | C14: =SUM(C5:C13) -> 216660.43 | D14: =SUM(D5:D13) -> 125735.75 | E14: =+C14/D14 -> 1.723141 | F14: =SUM(F5:F13) -> 3477.9 | G14: =SUM(G5:G13) -> 4013.33 | H14: =SUM(H5:H13) -> 209169.2
A17: IL SALESMEN | C17: SALES | D17: COGS | E17: M/U | F17: RETURNS | G17: COLLECTIONS | H17: NET SALES
A18: HOUSE | B18: I001 | C18: =' JULY IL'!C5 -> 6036.95 | D18: =' JULY IL'!D5 -> 5475 | E18: =SUM(C18/D18) -> 1.1026393 | F18: =' JULY IL'!F5 -> 0 | G18: =' JULY IL'!G5 -> 0 | H18: =' JULY IL'!H5 -> 6036.95
A19: TOM C | B19: I033 | C19: =' JULY IL'!C6+' JULY IL'!C39+' JULY IL'!C101+' JULY IL'!C72 -> 20947.09 | D19: =' JULY IL'!D6+' JULY IL'!D39+' JULY IL'!D101+' JULY IL'!D72 -> 13959.4 | E19: =SUM(C19/D19) -> 1.5005724 | F19: =' JULY IL'!F6+' JULY IL'!F39+' JULY IL'!F100+' JULY IL'!F72 -> 0 | G19: =' JULY IL'!G6+' JULY IL'!G39+' JULY IL'!G100+' JULY IL'!G72 -> 0 | H19: =' JULY IL'!H6+' JULY IL'!H39+' JULY IL'!H100+' JULY IL'!H101+' JULY IL'!H72 -> 20947.09
A20: JASON M | B20: I069 | C20: =+' JULY IL'!C7+' JULY IL'!C40 -> 6048.88 | D20: =' JULY IL'!D7+' JULY IL'!D40 -> 5152.29 | E20: =SUM(C20/D20) -> 1.1740178 | F20: =+' JULY IL'!F7+' JULY IL'!F40 -> 0 | G20: =+' JULY IL'!G7+' JULY IL'!G40 -> 0 | H20: =' JULY IL'!H7+' JULY IL'!H40 -> 6048.88
A21: FRANK S | B21: I155 | C21: =' JULY IL'!C8 -> 882.5 | D21: =' JULY IL'!D8 -> 562.5 | E21: =SUM(C21/D21) -> 1.5688889 | F21: =' JULY IL'!F8 -> 0 | G21: =' JULY IL'!G8 -> 0 | H21: =' JULY IL'!H8 -> 882.5
A22: JORDAN M | B22: I272 | C22: =' JULY IL'!C9+' JULY IL'!C41+' JULY IL'!C73 -> 117159.84 | D22: =' JULY IL'!D9+' JULY IL'!D41+' JULY IL'!D73 -> 77133.46 | E22: =SUM(C22/D22) -> 1.5189237 | F22: =' JULY IL'!F9+' JULY IL'!F41+' JULY IL'!F73 -> 2016 | G22: =' JULY IL'!G9+' JULY IL'!G41+' JULY IL'!G73 -> 483.91 | H22: =' JULY IL'!H9+' JULY IL'!H41+' JULY IL'!H73 -> 114659.93
A23: JIMMY M | B23: I281 | C23: =' JULY IL'!C10+' JULY IL'!C42+' JULY IL'!C74 -> 113645.98 | D23: =' JULY IL'!D10+' JULY IL'!D42+' JULY IL'!D74 -> 69589.7 | E23: =SUM(C23/D23) -> 1.6330862 | F23: =' JULY IL'!F10+' JULY IL'!F42+' JULY IL'!F74 -> 1807 | G23: =' JULY IL'!G10+' JULY IL'!G42+' JULY IL'!G74 -> 0 | H23: =' JULY IL'!H10+' JULY IL'!H42+' JULY IL'!H74 -> 111838.98
A24: CHRIS Z | B24: I393 | C24: =' JULY IL'!C11+' JULY IL'!C43+' JULY IL'!C75+' JULY IL'!C102+' JULY IL'!C93 -> 148369.4 | D24: =' JULY IL'!D11+' JULY IL'!D43+' JULY IL'!D75+' JULY IL'!D102+' JULY IL'!D93 -> 94373 | E24: =SUM(C24/D24) -> 1.5721594 | F24: =' JULY IL'!F11+' JULY IL'!F43+' JULY IL'!F75+' JULY IL'!F93 -> 1051 | G24: =' JULY IL'!G11+' JULY IL'!G43+' JULY IL'!G75+' JULY IL'!G93 -> 0 | H24: =' JULY IL'!H11+' JULY IL'!H43+' JULY IL'!H75+' JULY IL'!H102+' JULY IL'!H93 -> 147318.4
A25: JEFF J | B25: I436 | C25: =' JULY IL'!C12+' JULY IL'!C44+' JULY IL'!C76+' JULY IL'!C103 -> 78186.4 | D25: =' JULY IL'!D12+' JULY IL'!D44+' JULY IL'!D76+' JULY IL'!D103 -> 47522.78 | E25: =SUM(C25/D25) -> 1.6452405 | F25: =' JULY IL'!F12+' JULY IL'!F76 -> 594 | G25: =' JULY IL'!G12+' JULY IL'!G76 -> 0 | H25: =' JULY IL'!H12+' JULY IL'!H44+' JULY IL'!H76+' JULY IL'!H103 -> 77592.4
A26: IAIR Z | B26: I462 | C26: =' JULY IL'!C13+' JULY IL'!C45 -> 44282.5 | D26: =' JULY IL'!D13+' JULY IL'!D45 -> 30040.2 | E26: =SUM(C26/D26) -> 1.474108 | F26: =' JULY IL'!F13+' JULY IL'!F45 -> 0 | G26: =' JULY IL'!G13+' JULY IL'!G45 -> 0 | H26: =' JULY IL'!H13+' JULY IL'!H45 -> 44282.5
A27: RICO | B27: I478 | C27: =' JULY IL'!C46+' JULY IL'!C14 -> 6754.19 | D27: =' JULY IL'!D14+' JULY IL'!D46 -> 4109.15 | E27: =SUM(C27/D27) -> 1.6436952 | F27: =' JULY IL'!F14+' JULY IL'!F46 -> 0 | G27: =' JULY IL'!G14+' JULY IL'!G46 -> 0 | H27: =' JULY IL'!H14+' JULY IL'!H46 -> 6754.19
A28: DAN M | B28: I501 | C28: =' JULY IL'!C15+' JULY IL'!C77+' JULY IL'!C47 -> 104001.39 | D28: =' JULY IL'!D15+' JULY IL'!D47+' JULY IL'!D77 -> 69399.34 | E28: =SUM(C28/D28) -> 1.4985934 | F28: =' JULY IL'!F15+' JULY IL'!F47+' JULY IL'!F77 -> 0 | G28: =' JULY IL'!G15+' JULY IL'!G47+' JULY IL'!G77 -> 0 | H28: =' JULY IL'!H15+' JULY IL'!H47+' JULY IL'!H77 -> 104001.39
A29: CHRIS T | B29: I664 | C29: =' JULY IL'!C16+' JULY IL'!C78+' JULY IL'!C48 -> 31717.02 | D29: =+' JULY IL'!D16+' JULY IL'!D48+' JULY IL'!D78 -> 21668.12 | E29: =SUM(C29/D29) -> 1.4637643 | F29: =+' JULY IL'!F16+' JULY IL'!F48+' JULY IL'!F78 -> 0 | G29: =+' JULY IL'!G16+' JULY IL'!G48+' JULY IL'!G78 -> 0 | H29: =' JULY IL'!H16+' JULY IL'!H78+' JULY IL'!H48 -> 31717.02
A30: MARK S | B30: I729 | C30: =+' JULY IL'!C17+' JULY IL'!C49+' JULY IL'!C79 -> 49401.7 | D30: =+' JULY IL'!D17+' JULY IL'!D49+' JULY IL'!D79 -> 32517.38 | E30: =SUM(C30/D30) -> 1.5192399 | F30: =+' JULY IL'!F17+' JULY IL'!F49+' JULY IL'!F79 -> 1575 | G30: =+' JULY IL'!G17+' JULY IL'!G49+' JULY IL'!G79 -> 0 | H30: =+' JULY IL'!H17+' JULY IL'!H49+' JULY IL'!H79 -> 47826.7
A31: ALAN S | B31: I801 | C31: =' JULY IL'!C19+' JULY IL'!C81+' JULY IL'!C92+' JULY IL'!C50 -> 40105.15 | D31: =' JULY IL'!D19+' JULY IL'!D81+' JULY IL'!D92+' JULY IL'!D50 -> 18627.05 | E31: =SUM(C31/D31) -> 2.1530597 | F31: =' JULY IL'!F81+' JULY IL'!F50+' JULY IL'!F92+' JULY IL'!F19 -> 189.9 | G31: =' JULY IL'!G81+' JULY IL'!G50+' JULY IL'!G92+' JULY IL'!G19 -> 0 | H31: =' JULY IL'!H19+' JULY IL'!H81+' JULY IL'!H92+' JULY IL'!H50 -> 39915.25
A32: SAMUEL J | B32: I815 | C32: =' JULY IL'!C20+' JULY IL'!C82+' JULY IL'!C51 -> 16748.72 | D32: =' JULY IL'!D20+' JULY IL'!D82+' JULY IL'!D51 -> 10513.32 | E32: =SUM(C32/D32) -> 1.5930952 | F32: =' JULY IL'!F82+' JULY IL'!F20+' JULY IL'!F51 -> 0 | G32: =' JULY IL'!G82+' JULY IL'!G20+' JULY IL'!G51 -> 577.85 | H32: =' JULY IL'!H20+' JULY IL'!H82+' JULY IL'!H51 -> 16170.87
A33: ANDREY K | B33: I816 | C33: =' JULY IL'!C52 -> 1331.4 | D33: =' JULY IL'!D52 -> 792.1 | E33: =SUM(C33/D33) -> 1.6808484 | F33: =' JULY IL'!F52 -> 0 | G33: =' JULY IL'!G52 -> 0 | H33: =' JULY IL'!H52 -> 1331.4
A34: DAVID S | B34: I830 | C34: =' JULY IL'!C53+' JULY IL'!C21+' JULY IL'!C83 -> 38485.33 | D34: =' JULY IL'!D53+' JULY IL'!D21+' JULY IL'!D83 -> 24800.3 | E34: =SUM(C34/D34) -> 1.5518091 | F34: =' JULY IL'!F53+' JULY IL'!F21+' JULY IL'!F83 -> 0 | G34: =' JULY IL'!G53+' JULY IL'!G21+' JULY IL'!G83 -> 0 | H34: =' JULY IL'!H53+' JULY IL'!H21+' JULY IL'!H83 -> 38485.33
A35: ROSS S | B35: I848 | C35: =' JULY IL'!C22 -> 17341 | D35: =' JULY IL'!D22 -> 10375 | E35: =SUM(C35/D35) -> 1.6714217 | F35: =' JULY IL'!F22 -> 0 | G35: =' JULY IL'!G22 -> 0 | H35: =' JULY IL'!H22 -> 17341
A36: CARL L | B36: I850 | C36: =' JULY IL'!C23+' JULY IL'!C54 -> 6282.25 | D36: =' JULY IL'!D23+' JULY IL'!D54 -> 3633 | E36: =SUM(C36/D36) -> 1.7292183 | F36: =' JULY IL'!F23+' JULY IL'!F54 -> 4139 | G36: =' JULY IL'!G23+' JULY IL'!G54 -> 0 | H36: =' JULY IL'!H23+' JULY IL'!H54 -> 2143.25
A37: ANTOINETTE V | B37: I856 | C37: =' JULY IL'!C94+' JULY IL'!C24+' JULY IL'!C84 -> 22970.95 | D37: =' JULY IL'!D94+' JULY IL'!D24+' JULY IL'!D84 -> 12695.67 | E37: =SUM(C37/D37) -> 1.8093531 | F37: =' JULY IL'!F94+' JULY IL'!F24+' JULY IL'!F84 -> 0 | G37: =' JULY IL'!G94+' JULY IL'!G24+' JULY IL'!G84 -> 256.55 | H37: =' JULY IL'!H94+' JULY IL'!H24+' JULY IL'!H84 -> 22714.4
A38: JAVIER C | B38: I865 | C38: =' JULY IL'!C25+' JULY IL'!C55+' JULY IL'!C85 -> 14771.46 | D38: =' JULY IL'!D25+' JULY IL'!D55+' JULY IL'!D85 -> 8714 | E38: =SUM(C38/D38) -> 1.6951412 | F38: =' JULY IL'!F25+' JULY IL'!F55+' JULY IL'!F85 -> 720 | G38: =' JULY IL'!G25+' JULY IL'!G55+' JULY IL'!G85 -> 854.8 | H38: =' JULY IL'!H25+' JULY IL'!H55+' JULY IL'!H85 -> 13196.66
A39: TIMOTHY C | B39: I867 | C39: =' JULY IL'!C26 -> 15260.42 | D39: =' JULY IL'!D26 -> 9492.5 | E39: =SUM(C39/D39) -> 1.6076292 | F39: =' JULY IL'!F26 -> 0 | G39: =' JULY IL'!G26 -> 371.6 | H39: =' JULY IL'!H26 -> 14888.82
A40: KELLSTEIN G | B40: I879 | C40: =' JULY IL'!C86+' JULY IL'!C27+' JULY IL'!C56 -> 786.5 | D40: =' JULY IL'!D86+' JULY IL'!D27+' JULY IL'!D56 -> 363.5 | E40: =SUM(C40/D40) -> 2.1636864 | F40: =' JULY IL'!F86+' JULY IL'!F27+' JULY IL'!F56 -> 0 | G40: =' JULY IL'!G86+' JULY IL'!G27+' JULY IL'!G56 -> 0 | H40: =' JULY IL'!H86+' JULY IL'!H27+' JULY IL'!H56 -> 786.5
A41: JOSE S | B41: I887 | C41: =' JULY IL'!C57+' JULY IL'!C28 -> 25356.2 | D41: =' JULY IL'!D57+' JULY IL'!D28 -> 14824.76 | E41: =SUM(C41/D41) -> 1.7103953 | F41: =' JULY IL'!F57+' JULY IL'!F28 -> 1652.8 | G41: =' JULY IL'!G57+' JULY IL'!G28 -> 0 | H41: =' JULY IL'!H57+' JULY IL'!H28 -> 23703.4
A42: MARSHALL H | B42: I891 | C42: =' JULY IL'!C58 -> 7597.9 | D42: =' JULY IL'!D58 -> 4154.35 | E42: =SUM(C42/D42) -> 1.8289022 | F42: =' JULY IL'!F58 -> 108 | G42: =' JULY IL'!G58 -> 0 | H42: =' JULY IL'!H58 -> 7489.9
A43: BENJI C | B43: I892 | C43: =' JULY IL'!C59 -> 0 | D43: =' JULY IL'!D59 -> 0 | E43: =SUM(C43/D43) -> #DIV/0! | F43: =' JULY IL'!F59 -> 0 | G43: =' JULY IL'!G59 -> 0 | H43: =' JULY IL'!H59 -> 0
A44: BRONSON B | B44: I893 | C44: =' JULY IL'!C29+' JULY IL'!C60 -> 0 | D44: =' JULY IL'!D29+' JULY IL'!D60 -> 0 | E44: =SUM(C44/D44) -> #DIV/0! | F44: =' JULY IL'!F29 -> 0 | G44: =' JULY IL'!G29+' JULY IL'!G60 -> 0 | H44: =' JULY IL'!H29+' JULY IL'!H60 -> 0
A45: AIDEN H | B45: I895 | C45: =' JULY IL'!C61 -> 3242.54 | D45: =' JULY IL'!D61 -> 1935.9 | E45: =SUM(C45/D45) -> 1.6749522 | F45: =' JULY IL'!F61 -> 0 | G45: =' JULY IL'!G61 -> 0 | H45: =' JULY IL'!H61 -> 3242.54
A46: NICO L | B46: I896 | C46: =' JULY IL'!C30 -> 625.75 | D46: =' JULY IL'!D30 -> 324.5 | E46: =SUM(C46/D46) -> 1.9283513 | F46: =' JULY IL'!F30 -> 0 | G46: =' JULY IL'!G30 -> 0 | H46: =' JULY IL'!H30 -> 625.75
A47: VINCENZO G | B47: I897 | C47: =' JULY IL'!C31 -> 2089.98 | D47: =' JULY IL'!D31 -> 1185 | E47: =SUM(C47/D47) -> 1.7636962 | F47: =' JULY IL'!F31 -> 0 | G47: =' JULY IL'!G31 -> 0 | H47: =' JULY IL'!H31 -> 2089.98
A48: MARTIN A | B48: I898 | C48: =' JULY IL'!C32 -> 344.97 | D48: =' JULY IL'!D32 -> 190 | E48: =SUM(C48/D48) -> 1.8156316 | F48: =' JULY IL'!F32 -> 0 | G48: =' JULY IL'!G32 -> 0 | H48: =' JULY IL'!H32 -> 344.97
A49: ETHAN F | B49: I899 | C49: =+' JULY IL'!C62 -> 3472.1 | D49: =+' JULY IL'!D62 -> 2234.9 | E49: =SUM(C49/D49) -> 1.5535818 | F49: 0 | G49: 0 | H49: =+' JULY IL'!H62 -> 3472.1
A50: LUCAS L | B50: I900 | C50: =' JULY IL'!C63 -> 1064 | D50: =' JULY IL'!D63 -> 624.4 | E50: =SUM(C50/D50) -> 1.7040359 | F50: =' JULY IL'!F63 -> 0 | G50: =' JULY IL'!G63 -> 0 | H50: =' JULY IL'!H63 -> 1064
A51: MATT G | B51: I902 | C51: =' JULY IL'!C64+' JULY IL'!C33 -> 38042.78 | D51: =' JULY IL'!D64+' JULY IL'!D33 -> 22626.99 | E51: =SUM(C51/D51) -> 1.681301 | F51: =' JULY IL'!F64+' JULY IL'!F60 -> 1363 | G51: =' JULY IL'!G64 -> 0 | H51: =' JULY IL'!H64+' JULY IL'!H33 -> 36679.78
A52: STOTTS | B52: I924 | C52: =' JULY IL'!C87+' JULY IL'!C65+' JULY IL'!C34 -> 265127.9 | D52: =' JULY IL'!D87+' JULY IL'!D65+' JULY IL'!D34 -> 178922.36 | E52: =C52/D52 -> 1.4818042 | F52: =' JULY IL'!F65+' JULY IL'!F87+' JULY IL'!F34 -> 1950.5 | G52: =' JULY IL'!G65+' JULY IL'!G87+' JULY IL'!G34 -> 1523.69 | H52: =' JULY IL'!H34+' JULY IL'!H65+' JULY IL'!H87 -> 261653.71
A53: HELIX HSE | B53: I944 | C53: =' JULY IL'!C66 -> 6834.8 | D53: =' JULY IL'!D66 -> 6958.7 | E53: =C53/D53 -> 0.98219495 | F53: =' JULY IL'!F66 -> 0 | G53: =' JULY IL'!G66 -> 0 | H53: =' JULY IL'!H66 -> 6834.8
A54: HELIX FL HSE | B54: I000 | C54: =' JULY IL'!C88 -> 0 | D54: =' JULY IL'!D88 -> 0 | E54: =SUM(C54/D54) -> #DIV/0! | F54: =' JULY IL'!F88 -> 0 | G54: =' JULY IL'!G88 -> 0 | H54: =' JULY IL'!H88 -> 0
A55: TERM | C55: =' JULY IL'!C35+' JULY IL'!C67+' JULY IL'!C96 -> 0 | D55: =' JULY IL'!D35+' JULY IL'!D67+' JULY IL'!D96 -> 0 | E55: =C55/D55 -> #DIV/0! | F55: =+' JULY IL'!F35+' JULY IL'!F67+' JULY IL'!F96 -> 0 | G55: =+' JULY IL'!G35+' JULY IL'!G67+' JULY IL'!G96 -> 0 | H55: =' JULY IL'!H35+' JULY IL'!H67+' JULY IL'!H96 -> 0
A56: ILL TOTALS | C56: =SUM(C18:C55) -> 1255315.9 | D56: =SUM(D18:D55) -> 805490.62 | E56: =+C56/D56 -> 1.5584489 | F56: =SUM(F18:F55) -> 17166.2 | G56: =SUM(G18:G55) -> 4068.4 | H56: =SUM(H18:H55) -> 1234081.3
A59: WI SALESMEN | C59: SALES | D59: COGS | E59: M/U | F59: RETURNS | G59: COLLECTIONS | H59: NET SALES
A60: ADAM W | B60: W603 | C60: ='JULY WI'!C5+'JULY WI'!C26+'JULY WI'!C41 -> 32839.64 | D60: ='JULY WI'!D5+'JULY WI'!D26+'JULY WI'!D41 -> 19235.98 | E60: =C60/D60 -> 1.7071987 | F60: ='JULY WI'!F5+'JULY WI'!F26+'JULY WI'!F41 -> 986 | G60: ='JULY WI'!G5+'JULY WI'!G26+'JULY WI'!G41 -> 632.82 | H60: =+'JULY WI'!H5+'JULY WI'!H26+'JULY WI'!H41 -> 31220.82
A61: KERRY S | B61: W762 | C61: ='JULY WI'!C6+'JULY WI'!C27+'JULY WI'!C42 -> 5067.4 | D61: ='JULY WI'!D6+'JULY WI'!D27+'JULY WI'!D42 -> 3564 | E61: =C61/D61 -> 1.4218294 | F61: ='JULY WI'!F6+'JULY WI'!F27+'JULY WI'!F42 -> 0 | G61: ='JULY WI'!G6+'JULY WI'!G27+'JULY WI'!G42 -> 0 | H61: ='JULY WI'!H6+'JULY WI'!H27+'JULY WI'!H42 -> 5067.4
A62: JUSTIN G | B62: W784 | C62: ='JULY WI'!C7+'JULY WI'!C28+'JULY WI'!C52+'JULY WI'!C43 -> 30461.96 | D62: ='JULY WI'!D7+'JULY WI'!D28+'JULY WI'!D52+'JULY WI'!D43 -> 17225.4 | E62: =C62/D62 -> 1.7684327 | F62: ='JULY WI'!F7+'JULY WI'!F28+'JULY WI'!F43 -> 0 | G62: ='JULY WI'!G7+'JULY WI'!G28+'JULY WI'!G43 -> 0 | H62: ='JULY WI'!H7+'JULY WI'!H28+'JULY WI'!H52+'JULY WI'!H43 -> 30461.96
A63: RONALD B | B63: W839 | C63: ='JULY WI'!C8+'JULY WI'!C29+'JULY WI'!C53+'JULY WI'!C44 -> 30338.97 | D63: ='JULY WI'!D8+'JULY WI'!D29+'JULY WI'!D53+'JULY WI'!D44 -> 17625.4 | E63: =C63/D63 -> 1.7213209 | F63: ='JULY WI'!F8+'JULY WI'!F29+'JULY WI'!F44+'JULY WI'!F53 -> 1199.88 | G63: ='JULY WI'!G8+'JULY WI'!G29+'JULY WI'!G44+'JULY WI'!G53 -> 0 | H63: =+'JULY WI'!H8+'JULY WI'!H29+'JULY WI'!H53+'JULY WI'!H44 -> 29139.09
A64: JOHN B | B64: W849 | C64: =+'JULY WI'!C9+'JULY WI'!C30+'JULY WI'!C45 -> 18527.01 | D64: =+'JULY WI'!D9+'JULY WI'!D30+'JULY WI'!D45 -> 11885.5 | E64: =C64/D64 -> 1.558791 | F64: ='JULY WI'!F9+'JULY WI'!F30+'JULY WI'!F45 -> 0 | G64: ='JULY WI'!G9+'JULY WI'!G30+'JULY WI'!G45 -> 0 | H64: =+'JULY WI'!H9+'JULY WI'!H30+'JULY WI'!H45 -> 18527.01
A65: LUIS M | B65: W909 | C65: ='JULY WI'!C10 -> 5283.75 | D65: ='JULY WI'!D10 -> 3687.75 | E65: =C65/D65 -> 1.4327842 | F65: ='JULY WI'!F10 -> 0 | G65: ='JULY WI'!G10 -> 0 | H65: ='JULY WI'!H10 -> 5283.75
A66: ADAM M | B66: W930 | C66: ='JULY WI'!C11+'JULY WI'!C54+'JULY WI'!C32 -> 41358.09 | D66: ='JULY WI'!D11+'JULY WI'!D54+'JULY WI'!D32 -> 18838.3 | E66: =+C66/D66 -> 2.1954258 | F66: ='JULY WI'!F11+'JULY WI'!F54 -> 0 | G66: ='JULY WI'!G11+'JULY WI'!G54 -> 3984.33 | H66: ='JULY WI'!H11+'JULY WI'!H54+'JULY WI'!H32 -> 37373.76
A67: LES K | B67: W934 | C67: ='JULY WI'!C12+'JULY WI'!C33+'JULY WI'!C46 -> 2059.92 | D67: ='JULY WI'!D12+'JULY WI'!D33+'JULY WI'!D46 -> 1108 | E67: =+C67/D67 -> 1.8591336 | F67: ='JULY WI'!F12+'JULY WI'!F33+'JULY WI'!F46 -> 0 | G67: ='JULY WI'!G12+'JULY WI'!G33+'JULY WI'!G46 -> 0 | H67: ='JULY WI'!H12+'JULY WI'!H33+'JULY WI'!H46 -> 2059.92
A68: GEOFFREY N | B68: W938 | C68: ='JULY WI'!C13+'JULY WI'!C34 -> 711 | D68: ='JULY WI'!D13+'JULY WI'!D34 -> 361 | E68: =+C68/D68 -> 1.9695291 | F68: ='JULY WI'!F13+'JULY WI'!F34 -> 0 | G68: ='JULY WI'!G13+'JULY WI'!G34 -> 0 | H68: ='JULY WI'!H13+'JULY WI'!H34 -> 711
A69: JAMEL L | B69: W953 | C69: ='JULY WI'!C14 -> 0 | D69: ='JULY WI'!D14 -> 0 | E69: =C69/D69 -> #DIV/0! | F69: ='JULY WI'!F14 -> 140 | G69: ='JULY WI'!G14 -> 0 | H69: ='JULY WI'!H14 -> -140
A70: CASSANDRA K | B70: W959 | C70: ='JULY WI'!C15 -> 4269.38 | D70: ='JULY WI'!D15 -> 2365.5 | E70: =C70/D70 -> 1.8048531 | F70: ='JULY WI'!F15 -> 8750 | G70: ='JULY WI'!G15 -> 632.82 | H70: ='JULY WI'!H15 -> -5113.44
A71: CHRIS K | B71: W962 | C71: ='JULY WI'!C16 -> 10955.94 | D71: ='JULY WI'!D16 -> 5612.3 | E71: =C71/D71 -> 1.9521301 | F71: ='JULY WI'!F16 -> 0 | G71: ='JULY WI'!G16 -> 0 | H71: ='JULY WI'!H16 -> 10955.94
A72: NICO T | B72: W963 | C72: ='JULY WI'!C17 -> 0 | D72: ='JULY WI'!D17 -> 0 | E72: =C72/D72 -> #DIV/0! | F72: ='JULY WI'!F17 -> 0 | G72: ='JULY WI'!G17 -> 1756.34 | H72: ='JULY WI'!H17 -> -1756.34
A73: BLAKE M | B73: W966 | C73: ='JULY WI'!C18 -> 1267 | D73: ='JULY WI'!D18 -> 591.9 | E73: =C73/D73 -> 2.1405643 | F73: ='JULY WI'!F18 -> 0 | G73: ='JULY WI'!G18 -> 0 | H73: ='JULY WI'!H18 -> 1267
A74: JAMES B | B74: W967 | C74: ='JULY WI'!C19 -> 150 | D74: ='JULY WI'!D19 -> 97.5 | E74: =C74/D74 -> 1.5384615 | F74: ='JULY WI'!F19 -> 1694.93 | G74: ='JULY WI'!G19 -> 0 | H74: ='JULY WI'!H19 -> -1544.93
A75: ANTHONY S | B75: W973 | C75: ='JULY WI'!C55+'JULY WI'!C20+'JULY WI'!C35+'JULY WI'!C47 -> 12928.8 | D75: ='JULY WI'!D55+'JULY WI'!D20+'JULY WI'!D35+'JULY WI'!D47 -> 6106 | E75: =+C75/D75 -> 2.1173927 | F75: ='JULY WI'!F55+'JULY WI'!F20+'JULY WI'!F47 -> 0 | G75: ='JULY WI'!G55+'JULY WI'!G20+'JULY WI'!G47 -> 0 | H75: ='JULY WI'!H55+'JULY WI'!H20+'JULY WI'!H35+'JULY WI'!H47 -> 12928.8
A76: SCOT T | B76: W983 | C76: ='JULY WI'!C21+'JULY WI'!C36+'JULY WI'!C56+'JULY WI'!C48 -> 34605.16 | D76: ='JULY WI'!D21+'JULY WI'!D36+'JULY WI'!D56+'JULY WI'!D48 -> 21843.5 | E76: =+C76/D76 -> 1.5842315 | F76: ='JULY WI'!F21+'JULY WI'!F36+'JULY WI'!F48 -> 5230.28 | G76: ='JULY WI'!G21+'JULY WI'!G36+'JULY WI'!G48 -> 7848.77 | H76: ='JULY WI'!H21+'JULY WI'!H36+'JULY WI'!H56+'JULY WI'!H48 -> 21526.11
A77: TERM | C77: ='JULY WI'!C22 -> 0 | D77: ='JULY WI'!D22 -> 0 | E77: =+C77/D77 -> #DIV/0! | F77: ='JULY WI'!F22+'JULY WI'!F37 -> 0 | G77: ='JULY WI'!G22 -> 0 | H77: =+'JULY WI'!H22+'JULY WI'!H37 -> 0
A78: WI TOTALS | C78: =SUM(C60:C77) -> 230824.02 | D78: =SUM(D60:D77) -> 130148.03 | E78: =SUM(C78/D78) -> 1.7735499 | F78: =SUM(F60:F77) -> 18001.09 | G78: =SUM(G60:G77) -> 14855.08 | H78: =SUM(H60:H77) -> 197967.85
F80: NET TOTALS | H80: =SUM(H14+H56+H78) -> 1641218.4

Sheet JULY 2026 Totals
A1: =' JULY AZ'!A1 -> 46234
A2: TOTALS
A4: DBW
A6: AZ | C6: =' JULY AZ'!H14 -> 134010.02
A7: IL | C7: =' JULY IL'!H36 -> 588131.47
A8: WI | C8: ='JULY WI'!H23 -> 197867.85
C10: =SUM(C6:C9) -> 920009.34
A12: HELIX -22
A14: AZ | C14: =' JULY AZ'!H23 -> 72111.18
A15: IL | C15: =' JULY IL'!H68 -> 304426.41
A16: WI | C16: ='JULY WI'!H38 -> 0
C17: =SUM(C14:C16) -> 376537.59
A19: HELIX FL - 33
A21: AZ | C21: =' JULY AZ'!H29 -> 3048
A22: IL | C22: =' JULY IL'!H89 -> 304400.07
A23: WI | C23: ='JULY WI'!H49 -> 100
C24: =SUM(C21:C23) -> 307548.07
A26: HELIX TOOL - 44
A28: WI | C28: ='JULY WI'!H57 -> 0
C30: =SUM(C28:C29) -> 0
A32: 4COREBIZ-55
A34: IL | C34: =' JULY IL'!H97 -> 37123.39
A36: STRATUS -77
A38: IL | C38: =' JULY IL'!H104 -> 0
C40: =SUM(C38:C39) -> 0
A43: TOTAL | C43: =C10+C17+C24+C40+C30+C34 -> 1641218.4
A51: BATCH/DATE
A52: 7/6 W/D | B52: 95661.38
A53: 7/7 W/D | B53: 95873.72
A54: 7/8 W/D | B54: 74737.43
A55: 7/9 W/D | B55: 90024.29
A56: 7/10 W/D | B56: 91586.34
A57: 7/13 W/D | B57: 62441.94
A58: 7/14 RETURNS | B58: -6377.82
A59: 7/14 W/D | B59: 59096.89 | D59: =95661.38+0.53+95873.72+0.09+74737.43+0.56+90024.29+0.1+91586.34+0.09+62441.94-6377.82+59096.89+0.06+88000.28+0.6+61466.22+0.62+161557.63+2.65+134646.17+0.06-14606.1-22936.81+101160.84+0.32+92216.36+1.21+63962.26+0.56-7857.37+95445.42+0.25+84422.26+0.06+73569.4+73280.27+0.12+59968.29+0.13-9803.9+43674.99 -> 1641218.4 | E59: SHIPSHEETS
A60: 7/16 W/D | B60: 61466.22 | D60: =C43 -> 1641218.4
A61: 7/17 W/D | B61: 161557.63
A62: 7/20 W/D | B62: 134646.17 | D62: =+D59-D60 -> 0 | E62: DIFF
A63: 7/20 RETURNS | B63: -14606.1
A64: 7/21 COLLECTIONS | B64: -22936.81
A65: 7/21 W/D | B65: 101160.84
A66: 7/22 W/D | B66: 92216.36
A67: 7/23 W/D | B67: 63962.26
A68: 7/24 RETURNS | B68: -7857.37
A69: 7/24 W/D | B69: 95445.42
A70: 7/27 W/D | B70: 84422.26
A71: 7/28 W/D | B71: 73569.4
A72: 7/29 W/D | B72: 73280.27
A73: 7/30 W/D | B73: 59968.29
A74: 7/31 RETURNS | B74: -9803.9
A75: 7/31 W/D | B75: 43674.99
